ICAO24,call_sign,model,origin_country,photo_url
01020a,NA,A320-251N,Egypt,https://t.plnspttrs.net/11261/1844971_922a805a0b_280.jpg
300781,NA,E195LR,Italy,https://t.plnspttrs.net/23274/1832477_84910444f6_280.jpg
346303,IBE06AV,,Spain,https://t.plnspttrs.net/01131/1872166_59e8b58496_280.jpg
398800,FHCAA,DR.400 180 Regent,France,NA
39bc27,NA,429 Global Ranger,France,https://t.plnspttrs.net/46287/1852514_5a97922d57_280.jpg
39c9ae,NA,NA,France,NA
39d565,FHVLF,Cirrus SR22,France,https://t.plnspttrs.net/14529/1543055_b6ca406e88_280.jpg
3c4dcd,NA,CRJ 900 LR NG,Germany,https://t.plnspttrs.net/14587/1704668_79fc412b0e_280.jpg
3c6594,NA,A319 114,Germany,https://t.plnspttrs.net/20806/1811468_20192a9b55_280.jpg
3c6597,NA,A319 114,Germany,https://t.plnspttrs.net/33764/1811512_ec505c168c_280.jpg
3c6758,NA,Airbus A320 214SL,Germany,https://t.plnspttrs.net/13400/1848254_a0d3b72588_280.jpg
3c7b01,NA,EMB-135BJ Legacy 650,Germany,https://t.plnspttrs.net/04218/1806464_efc0cbf31c_280.jpg
3cce03,NA,Phenom 300,Germany,https://t.plnspttrs.net/29039/1831319_36fd931c4c_280.jpg
3cef03,NA,NA,NA,https://t.plnspttrs.net/09962/1813664_4c4f76a174_280.jpg
3d4973,DFABJ,Pilatus PC-12 NGX,Germany,https://t.plnspttrs.net/08281/1880324_c9bd3cf315_280.jpg
3d5453,NA,NA,Germany,https://t.plnspttrs.net/49261/1789861_c1abe676cc_280.jpg
3d602e,NA,SOCATA TBM 700 B,Germany,https://t.plnspttrs.net/18051/1830338_a39aa96ed6_280.jpg
3e1f3b,DIDAH,B200GT,Germany,https://t.plnspttrs.net/32322/1799559_52bd2a3eae_280.jpg
406540,NA,NA,United Kingdom,https://t.plnspttrs.net/46068/1840313_781c9ee546_280.jpg
424c76,MCITY,Daher TBM-960,Isle Of Man,NA
424ca4,MSAFE,NA,NA,NA
44001f,NA,NA,Austria,https://t.plnspttrs.net/03532/1860976_a5f94656eb_280.jpg
440080,NA,NA,Austria,https://t.plnspttrs.net/20901/1839577_741e294c9a_280.jpg
440141,NA,NA,Austria,https://t.plnspttrs.net/48874/1871742_3a327d6643_280.jpg
44081f,NA,EMB-195 LR,Austria,https://t.plnspttrs.net/07379/1804235_9a9540fec6_280.jpg
4408c9,NA,NA,Austria,https://t.plnspttrs.net/45317/1870432_7aba7e69cf_280.jpg
440daa,NA,Pilatus PC-12 NG,Austria,https://t.plnspttrs.net/44649/1671257_9bb999dfc0_280.jpg
44aae2,NA,PC-XII NG 47E,Belgium,https://t.plnspttrs.net/40091/1774786_0564439d42_280.jpg
44c061,NA,NA,Belgium,https://t.plnspttrs.net/42000/1415134_13774b353d_280.jpg
44c062,NA,Pilatus PC-12 NGX,Belgium,https://t.plnspttrs.net/31530/1750470_ee80d53b3e_280.jpg
460812,NA,NA,Finland,https://t.plnspttrs.net/10630/1731563_7c6a19a5a0_280.jpg
460844,OHDDK,Pilatus PC-12 NGX,Finland,https://t.plnspttrs.net/39836/1875193_ecb1915b22_280.jpg
46097d,FSF110A,Pilatus PC-12 NGX,Finland,https://t.plnspttrs.net/07040/1539486_1649593583_280.jpg
460d8a,NA,Pilatus PC-12 NGX,Finland,https://t.plnspttrs.net/03696/1758948_0ee80847cc_280.jpg
460f46,FSF404A,Pilatus PC-12 NGX,Finland,https://t.plnspttrs.net/02928/1800815_8a26fc6073_280.jpg
46104c,NA,NA,NA,NA
461553,FSF943H,Pilatus PC-12 NGX,Finland,https://t.plnspttrs.net/49412/1776832_0fb8eb6023_280.jpg
461838,FSF344H,PC-12/47E,Finland,https://t.plnspttrs.net/37738/1521489_d5491db58a_280.jpg
461f35,NA,A319 112,Finland,https://t.plnspttrs.net/24723/1855186_f3a843bcf7_280.jpg
461fbd,OHMAN,,Finland,https://t.plnspttrs.net/22892/1800304_b3d3916b0c_280.jpg
4627c1,FSF402A,,Finland,https://t.plnspttrs.net/33448/1800438_4884e9b7a6_280.jpg
462d44,FSF207A,Pilatus PC-12 NGX,Finland,https://t.plnspttrs.net/13970/1525640_e7d2a4d825_280.jpg
462dd1,FSF702A,,Finland,https://t.plnspttrs.net/45644/1822419_ae20eb8344_280.jpg
46316e,FSF652S,PC-12/47E NG,Finland,https://t.plnspttrs.net/34201/1864542_4f8758dc66_280.jpg
463434,NA,Pilatus PC-12/47E,Finland,https://t.plnspttrs.net/29993/1482115_d95f334040_280.jpg
463fc8,FSF205A,Pilatus PC-12 NGX,Finland,https://t.plnspttrs.net/04396/1779975_64f09f738b_280.jpg
4856ed,PHBRA,,Kingdom of the Netherlands,https://t.plnspttrs.net/43364/1874960_67aa26a86f_280.jpg
485a35,NA,737-8K2,Kingdom of the Netherlands,https://t.plnspttrs.net/49845/1796720_53ed523884_280.jpg
494144,NA,Embraer Phenom 300E,Portugal,NA
49d590,NA,Pilatus PC-12 NGX,Czechia,https://t.plnspttrs.net/48039/1860915_1fc20030ef_280.jpg
49d5e2,NA,Pilatus PC-12 NGX,Czechia,NA
49d628,OKUTC,,Czechia,NA
4aaa0b,NA,NA,Sweden,NA
4aca73,NA,Embraer E195LR,Sweden,https://t.plnspttrs.net/00479/1843022_a7f5013659_280.jpg
4b0544,NA,NA,NA,NA
4b059a,NA,F177RG,Switzerland,https://t.plnspttrs.net/32383/1205300_43c0f084e7_280.jpg
4b0618,NA,F172P,Switzerland,NA
4b08c3,NA,M20J,Switzerland,https://t.plnspttrs.net/44915/1256337_eb14628389_280.jpg
4b0b24,HBEFS,CEA DR 220,Switzerland,NA
4b0c39,NA,NA,Switzerland,NA
4b0e27,NA,Pilatus PC-12 NGX,Switzerland,https://t.plnspttrs.net/07832/1808083_662320d15d_280.jpg
4b0e59,HBFLH,PC-6/B2-H4,Switzerland,https://t.plnspttrs.net/30951/1851802_1be1d0aa85_280.jpg
4b0f50,NA,NA,Switzerland,https://t.plnspttrs.net/46667/1561740_ae8b8dbd0d_280.jpg
4b0f70,HBFWA,PC-12/47E,Switzerland,https://t.plnspttrs.net/39734/1788015_a75483d188_280.jpg
4b0f7e,HBFWO,,Switzerland,https://t.plnspttrs.net/20687/1528068_5b4dfdb9fb_280.jpg
4b0f8e,NA,Pilatus PC-12 NGX,Switzerland,https://t.plnspttrs.net/39250/1509724_23b502f1fa_280.jpg
4b1617,NA,A320-214,Switzerland,https://t.plnspttrs.net/13429/1852844_bf5fcb2f27_280.jpg
4b1619,NA,A320-214,Switzerland,https://t.plnspttrs.net/22507/1836236_ebc91c6bf6_280.jpg
4b161b,NA,A320-214,Switzerland,https://t.plnspttrs.net/26972/1871743_ed8755fdc5_280.jpg
4b169a,NA,A321-212,Switzerland,https://t.plnspttrs.net/09735/1849278_d409c3e4eb_280.jpg
4b17e3,NA,BD-500-1A10 (CS100),Switzerland,https://t.plnspttrs.net/41456/1856084_96ba376f8e_280.jpg
4b17e5,NA,BD-500-1A10 (CS100),Switzerland,https://t.plnspttrs.net/00489/1871663_86c0b5d16a_280.jpg
4b17fc,NA,BD-500-1A11 (CS300),Switzerland,https://t.plnspttrs.net/30400/1720955_94b90e2fae_280.jpg
4b17ff,NA,BD-500-1A11 (CS300),Switzerland,https://t.plnspttrs.net/21534/1680382_1344b53d66_280.jpg
4b1807,NA,BD-500-1A11 (CS300),Switzerland,https://t.plnspttrs.net/13470/1809850_7e636d0877_280.jpg
4b180b,NA,A220-300,Switzerland,https://t.plnspttrs.net/29987/1823973_02fc85c564_280.jpg
4b18e7,NA,BD-700-2A12 Global 7500,Switzerland,https://t.plnspttrs.net/28124/1497955_36fa9a5d15_280.jpg
4b1a1d,NA,A320-214,Switzerland,https://t.plnspttrs.net/49413/1713361_398821e739_280.jpg
4b1a1f,NA,A320-214,Switzerland,https://t.plnspttrs.net/11403/1854107_bf71a92cd6_280.jpg
4b1a27,NA,A320-214,Switzerland,https://t.plnspttrs.net/17449/1831182_d1b2515100_280.jpg
4b1a5f,NA,A320 214,Switzerland,https://t.plnspttrs.net/29642/1785677_8dfae7a39c_280.jpg
4b1af2,HBKFI,ROBIN DR 400/140 B,Switzerland,https://t.plnspttrs.net/33499/1605005_231c3e9d18_280.jpg
4b1b9d,HBKLX,Robin DR-400/140B,Switzerland,https://t.plnspttrs.net/26556/1761440_0ec2901d8d_280.jpg
4b1bad,HBKMN,SR22T,Switzerland,https://t.plnspttrs.net/36777/1575253_e3f3bbcae2_280.jpg
4b1bae,HBKMO,SR22,Switzerland,https://t.plnspttrs.net/48956/1298198_552377a643_280.jpg
4b1baf,HBKMP,SR22,Switzerland,https://t.plnspttrs.net/21113/1160906_7b0fbe5e8b_280.jpg
4b1bc8,HBKNO,Tecnam P2008JC MkII,Switzerland,NA
4b1bdd,HBKOJ,DR-400/140B Major,Switzerland,https://t.plnspttrs.net/33048/1661727_a208319904_280.jpg
4b1bdf,HBKOL,TBM700 B,Switzerland,https://t.plnspttrs.net/47840/361507_6ed80536c8_280.jpg
4b1bfd,HBKPP,,Switzerland,https://t.plnspttrs.net/32266/1464357_666bef3203_280.jpg
4b1c5c,HBKTG,F.260D,Switzerland,https://t.plnspttrs.net/16602/686899_f53c620025_280.jpg
4b1c63,NA,BRM Aero Bristell B23,Switzerland,NA
4b1e44,HBLMA,Diamond DA 42-VI,Switzerland,NA
4b25ea,HBOJI,Piper PA-28-161,Switzerland,NA
4b27bf,HBPBJ,Piper PA-28-236,Switzerland,NA
4b27c0,HBPBK,PA-32R-300,Switzerland,https://t.plnspttrs.net/01024/1728310_83637bfd48_280.jpg
4b2837,NA,PA-28-236,Switzerland,NA
4b2841,NA,Piper PA-28-236,Switzerland,https://t.plnspttrs.net/26214/1830026_6e0997a86a_280.jpg
4b28b1,HBPKR,PA-28-181,Switzerland,NA
4b2919,HBPOR,PA-28-236,Switzerland,NA
4b2964,HBPRO,,Switzerland,https://t.plnspttrs.net/07897/1460887_8f780557fd_280.jpg
4b2f91,NA,BRM Aero Bristell B23,Switzerland,NA
4b303f,HBSHB,,Switzerland,NA
4b32fd,RGA03,Airbus Helicopters H145,Switzerland,NA
4b32fe,RGA04,Airbus Helicopters H145,Switzerland,NA
4b3300,RGA04,Airbus Helicopters H145,Switzerland,NA
4b3301,NA,Airbus Helicopters H145,Switzerland,NA
4b3302,RGA15,Airbus Helicopters H145,Switzerland,NA
4b3303,RGA04,Airbus Helicopters H145,Switzerland,NA
4b3304,RGA02,NA,NA,NA
4b3305,RGA18,NA,NA,NA
4b3306,RGA01,NA,NA,NA
4b34c2,NA,Cessna Turbo Skylane TC,Switzerland,NA
4b3510,NA,AA-5B,Switzerland,NA
4b39c9,HBVWZ,510,Switzerland,https://t.plnspttrs.net/24063/1384511_49f5de93e8_280.jpg
4b39f0,NA,EMB-505,Switzerland,https://t.plnspttrs.net/34761/1554198_313deff642_280.jpg
4b3d0a,HBXDA,Bell 429 GlobalRanger,Switzerland,https://t.plnspttrs.net/36981/1862508_029b64d190_280.jpg
4b3e2c,AGV02,Airbus Helicopters H135,Switzerland,NA
4b3e2d,NA,Airbus Helicopter H135,Switzerland,https://t.plnspttrs.net/14636/1665034_ea33e13b4b_280.jpg
4b3e3f,NA,Leonardo AW139,Switzerland,https://t.plnspttrs.net/37224/1784323_3ac494aa92_280.jpg
4b3e95,NA,NA,Liechtenstein,NA
4b3ee3,AHE921,Bell 429 GlobalRanger,Switzerland,NA
4b4089,HBYLL,RV-6,Switzerland,https://t.plnspttrs.net/39772/1219654_ce00c8421c_280.jpg
4b40a1,NA,NA,Switzerland,https://t.plnspttrs.net/27668/1883734_f9280611e3_280.jpg
4b40c8,HBYNW,RV-7A,Switzerland,NA
4b413c,HBYSI,,Switzerland,https://t.plnspttrs.net/04884/1526113_663d1a4c9b_280.jpg
4b413f,NA,Vans RV-7,Switzerland,NA
4b4271,AGV01,EC135 T3 (CPDS),Switzerland,https://t.plnspttrs.net/29227/1303269_398ce69216_280.jpg
4b4381,NA,NA,NA,NA
4b442a,HBZVE,,Switzerland,https://t.plnspttrs.net/01625/1864216_d8fce811d4_280.jpg
4b443c,HBZVW,,Switzerland,NA
4b4455,HBZWV,,Switzerland,https://t.plnspttrs.net/01048/1532833_1fc02ea61a_280.jpg
4b4471,HBZXX,Airbus Helicopters H125,Switzerland,NA
4b447c,NA,NA,Switzerland,https://t.plnspttrs.net/49395/1777577_c383528177_280.jpg
4b4488,HBZYU,Guimbal Cabri G2,Switzerland,https://t.plnspttrs.net/13376/1725780_596a589053_280.jpg
4b4492,HBZZE,NA,NA,NA
4b449c,HBZZO,Airbus Helicopters H125,Switzerland,NA
4b44a3,NA,Bell 407GXP,Switzerland,NA
4b44a5,NA,NA,Switzerland,NA
4b7f6c,NA,PC-6 B2-H2M-1,Switzerland,NA
4b7fdc,T337,Cougar AS.532 UL,Switzerland,https://t.plnspttrs.net/23076/410835_dcfc6e4822_280.jpg
4ba8da,NA,737NG 8F2/W,Turkey,https://t.plnspttrs.net/05674/1824206_b6875d39a3_280.jpg
4bb26f,NA,Airbus 321-271NX,Turkey,https://t.plnspttrs.net/38683/1764104_24cb0a9432_280.jpg
4bb279,NA,A321-271NX,Turkey,https://t.plnspttrs.net/44240/1861045_fbdb574e81_280.jpg
4bb285,NA,NA,Turkey,https://t.plnspttrs.net/18414/1879501_d9ba4aa59c_280.jpg
4bc8c6,NA,Airbus A321-251NX,Turkey,https://t.plnspttrs.net/29388/1857249_f451fa548d_280.jpg
4cad93,NA,Airbus A320-251N,Ireland,https://t.plnspttrs.net/49139/1869808_400662235c_280.jpg
4d02a4,JFA08L,PC-XII 47E,Luxembourg,NA
4d02a5,JFA94V,,Luxembourg,https://t.plnspttrs.net/22364/1343577_41833d096d_280.jpg
4d02ad,NA,PC-XII 47E,Luxembourg,NA
4d02b7,JFA95V,,Luxembourg,https://t.plnspttrs.net/21895/1754911_0714c18710_280.jpg
4d02bc,NA,NA,Luxembourg,https://t.plnspttrs.net/31567/1796867_2a1adf9a05_280.jpg
4d02bd,JFA30K,,Luxembourg,https://t.plnspttrs.net/25336/1812280_fed442fa97_280.jpg
4d02dc,JFA59Q,PC-12/47E NGX,Luxembourg,https://t.plnspttrs.net/10169/1843727_bcc55a7a5a_280.jpg
4d02dd,NA,NA,NA,https://t.plnspttrs.net/36937/1756792_a483ddd1ef_280.jpg
4d02de,JFA16S,,Luxembourg,https://t.plnspttrs.net/38685/810293_efe63e446b_280.jpg
4d2016,NA,Pilatus PC-12 NGX,Malta,https://t.plnspttrs.net/25763/1857422_b8b79a6767_280.jpg
4d217d,NA,NA,Malta,https://t.plnspttrs.net/33960/964648_9498cf2c53_280.jpg
502d29,BTI69W,A220-300,Latvia,https://t.plnspttrs.net/05671/1859287_6eb33cfb76_280.jpg
502d3e,NA,A220-300,Latvia,https://t.plnspttrs.net/08432/1865852_8b1b9745b5_280.jpg
a03164,N111RC,PA46-500TP,United States,NA
a14d7c,N183TB,TBM 700,United States,https://t.plnspttrs.net/44604/1217684_d1af780086_280.jpg
a1e6db,NA,PC-12/47E,United States,NA
a34bb1,N311MX,PA-46-600TP,United States,NA
a4330b,N37SJ,SR22T,United States,https://t.plnspttrs.net/17428/1439053_edf6e2a193_280.jpg
